1,google.com
2,youtube.com
3,facebook.com
4,baidu.com
5,wikipedia.org
6,yahoo.com
7,google.co.in
8,reddit.com
9,qq.com
10,amazon.com
11,taobao.com
12,twitter.com
13,tmall.com
14,google.co.jp
15,live.com
16,vk.com
17,instagram.com
18,sohu.com
19,sina.com.cn
20,jd.com
21,weibo.com
22,360.cn
23,google.de
24,google.co.uk
25,linkedin.com
26,google.com.br
27,list.tmall.com
28,google.fr
29,google.ru
30,yandex.ru
31,netflix.com
32,google.com.hk
33,yahoo.co.jp
34,google.it
35,t.co
36,ebay.com
37,google.es
38,pornhub.com
39,imgur.com
40,bing.com
41,msn.com
42,onclkds.com
43,twitch.tv
44,google.com.mx
45,google.ca
46,tumblr.com
47,gmw.cn
48,alipay.com
49,livejasmin.com
50,xvideos.com
51,mail.ru
52,microsoft.com
53,ok.ru
54,aliexpress.com
55,wordpress.com
56,hao123.com
57,stackoverflow.com
58,imdb.com
59,github.com
60,amazon.co.jp
61,blogspot.com
62,pinterest.com
63,csdn.net
64,wikia.com
65,apple.com
66,google.com.tr
67,popads.net
68,youth.cn
69,office.com
70,bongacams.com
71,paypal.com
72,microsoftonline.com
73,google.com.tw
74,google.com.au
75,whatsapp.com
76,google.pl
77,xhamster.com
78,detail.tmall.com
79,diply.com
80,google.co.id
81,adobe.com
82,coccoc.com
83,craigslist.org
84,nicovideo.jp
85,txxx.com
86,dropbox.com
87,amazon.de
88,google.com.ar
89,amazon.in
90,googleusercontent.com
91,google.com.pk
92,booking.com
93,thepiratebay.org
94,google.co.th
95,porn555.com
96,pixnet.net
97,tianya.cn
98,google.com.eg
99,china.com
100,bbc.co.uk
101,soso.com
102,google.com.sa
103,savefrom.net
104,amazon.co.uk
105,bbc.com
106,fc2.com
107,mozilla.org
108,rakuten.co.jp
109,uptodown.com
110,cnn.com
111,so.com
112,soundcloud.com
113,google.com.ua
114,quora.com
115,amazonaws.com
116,ask.com
117,clicksgear.com
118,xnxx.com
119,google.nl
120,nytimes.com
121,naver.com
122,ettoday.net
123,adf.ly
124,dailymotion.com
125,onlinesbi.com
126,google.co.za
127,steamcommunity.com
128,google.co.ve
129,salesforce.com
130,espn.com
131,fbcdn.net
132,stackexchange.com
133,blogger.com
134,chase.com
135,google.co.kr
136,ebay.de
137,vimeo.com
138,vice.com
139,theguardian.com
140,blastingnews.com
141,tribunnews.com
142,steampowered.com
143,chaturbate.com
144,ebay.co.uk
145,detik.com
146,google.gr
147,google.com.vn
148,buzzfeed.com
149,indeed.com
150,dailymail.co.uk
151,mediafire.com
152,avito.ru
153,cnet.com
154,google.com.sg
155,globo.com
156,xinhuanet.com
157,openload.co
158,spotify.com
159,flipkart.com
160,ladbible.com
161,google.com.ph
162,google.com.co
163,popcash.net
164,google.be
165,google.se
166,deviantart.com
167,zhihu.com
168,google.cn
169,roblox.com
170,github.io
171,walmart.com
172,google.az
173,douyu.com
174,uol.com.br
175,force.com
176,slideshare.net
177,upornia.com
178,wikihow.com
179,yelp.com
180,twimg.com
181,daikynguyenvn.com
182,w3schools.com
183,washingtonpost.com
184,china.com.cn
185,pinimg.com
186,godaddy.com
187,etsy.com
188,rambler.ru
189,alibaba.com
190,sogou.com
191,nih.gov
192,google.at
193,hclips.com
194,softonic.com
195,babytree.com
196,redtube.com
197,google.com.ng
198,iwanttodeliver.com
199,9gag.com
200,slack.com